{
  "case_id": "11_caso_movilidad",
  "version_protocolo": "V5.5",
  "generated_at": "2026-05-17T15:28:36Z",
  "n": 19,
  "arrays": {
    "obs": [
      2.1213203435596424,
      2.82842712474619,
      3.5355339059327373,
      4.242640687119285,
      4.949747468305833,
      5.65685424949238,
      6.363961030678928,
      7.071067811865475,
      7.7781745930520225,
      8.48528137423857,
      9.192388155425117,
      9.899494936611665,
      10.606601717798211,
      11.31370849898476,
      12.020815280171307,
      2.82842712474619,
      1.414213562373095,
      3.5355339059327373,
      4.242640687119285
    ],
    "abm_coupled": [
      1.638913477520256,
      1.933147923620185,
      2.375938266728577,
      2.747152849542173,
      3.1641234125338644,
      3.5599383581629205,
      3.9742492886903915,
      4.381971102899653,
      4.798876011273482,
      5.2141152294372475,
      5.635235318894824,
      6.05666791734199,
      6.4826242427241505,
      6.908872534876325,
      7.339145055713071,
      7.770192028287929,
      8.203455720385438,
      8.638999604976124,
      9.076171468816124
    ],
    "abm_no_ode": [
      2.01022809264058,
      2.5779613131123136,
      3.123519157892103,
      3.6581131009679537,
      4.194874240911048,
      4.729426284993822,
      5.265262744488463,
      5.80043168438756,
      6.335904095788647,
      6.871018737531787,
      7.40662551494975,
      7.941896137103154,
      8.47726461718455,
      9.012486876982276,
      9.547926531510749,
      10.083339018279332,
      10.61866007157953,
      11.154055739224445,
      11.689343247619558
    ],
    "ode_pred": [
      -1.006564435230355,
      -0.8798887497297219,
      -0.7308254474906856,
      -0.5774399536083437,
      -0.41114098302861335,
      -0.23553074951810116,
      -0.0507787061011748,
      0.14261853473904262,
      0.34400586791667076,
      0.5531875619426035,
      0.769136191081574,
      0.9929505222999282,
      1.224132011029532,
      1.4608912533546814,
      1.7043383265346475,
      1.953362634447212,
      2.206785799698363,
      2.4668765537952333,
      2.7316659176316778
    ],
    "forcing": [
      2.8284271247461903,
      3.535533905932738,
      4.242640687119286,
      4.949747468305834,
      5.6568542494923815,
      6.363961030678928,
      7.0710678118654755,
      7.778174593052023,
      8.485281374238571,
      9.19238815542512,
      9.899494936611667,
      10.606601717798215,
      11.313708498984763,
      12.02081528017131,
      12.727922061357857,
      13.435028842544405,
      14.142135623730953,
      14.8492424049175,
      15.556349186104047
    ]
  },
  "hashes": {
    "obs": "019ad7b3ddcc40c1393b7db6fb929790df67a430eb4915ebc4d6e0a0573c7ed7",
    "abm_coupled": "339704371f98da7bda556485ecf5166755efbf8cb9f20b1a9f33f404e5ea3944",
    "abm_no_ode": "3d167e0e4d9322036d7b187edd6c6d0794a4435852e9db21b6eaf243956759ae",
    "ode_pred": "27523a7e56179a43aaee55e2a1e376f63f5c2c437f201c344d2a37ccc0edcfeb",
    "forcing": "370d30b703f9c01d46a0e4d1872347db4f09a3c83648a9dc8d0860b1bad500fe"
  },
  "extra": {
    "data_origin": "REAL — emitido en línea desde evaluate_phase (real)",
    "verified_real_data": true,
    "case": "Movilidad Urbana (Vehículos)"
  },
  "aggregate_hash": "fac08eb4590499a1731c70ad513fd3c0f0f0f58ef5c157aeba951c456249e20d"
}