{
  "case_id": "28_caso_fuga_cerebros",
  "version_protocolo": "V5.5",
  "generated_at": "2026-05-17T11:24:38Z",
  "n": 18,
  "arrays": {
    "obs": [
      -1.5467639118708072,
      -1.2302834548547092,
      -2.1339448120184006,
      -0.7389561106808918,
      0.21358305920380713,
      -0.17299959635192738,
      -0.6211610513588741,
      0.1888374766594008,
      -0.8059245465111001,
      2.1013043420000885,
      2.5568883998762817,
      3.7178975546801896,
      3.524306444175452,
      5.5220129751523706,
      6.694704143175728,
      11.69460638941724,
      13.42370804372902,
      14.699094126937727
    ],
    "abm_coupled": [
      -2.202540559618647,
      -2.059295158937258,
      -4.131915748385751,
      -3.7330116007828202,
      -0.7181922035289133,
      1.8044766672524282,
      5.195635545045317,
      6.409882359855358,
      5.917351728429909,
      10.358048900778526,
      9.382976563701426,
      10.547278964034605,
      8.607845864301808,
      7.3099500104398825,
      6.4456913484941945,
      9.314520811702412,
      10.204325758580387,
      9.881363816755822
    ],
    "abm_no_ode": [
      -2.3060319905716993,
      -3.196558307416857,
      -5.498037730419689,
      -6.241750604501585,
      -3.48941886164518,
      -0.15431400795995576,
      3.334251196304888,
      5.306437663807313,
      5.534712791933797,
      9.11773115826512,
      10.099861819313732,
      11.402839545312085,
      10.177959187375244,
      8.175153837690084,
      6.761332806049296,
      8.618990865008964,
      10.573807558902395,
      11.0509019640396
    ],
    "ode_pred": [
      -0.012292272494588224,
      -0.005776552518681852,
      -0.10672143620149763,
      -0.08770849219716817,
      0.05955684304118797,
      1.2283433919410092,
      4.119816489166575,
      6.083682709172023,
      6.372139585107128,
      8.115132603671851,
      8.06788534973974,
      8.124407349614419,
      8.03010093966102,
      7.966336216225706,
      7.320124636575265,
      8.06369484190146,
      8.107884351415182,
      8.092083636434454
    ],
    "forcing": [
      -3.6552079856743553,
      -3.9740070332471777,
      -7.215348758928329,
      -7.141605372397745,
      -2.111855312628826,
      1.8417747707634362,
      5.650617491895364,
      6.872184618450149,
      6.061916221846545,
      11.819790496723726,
      11.423491567723701,
      12.921222019153426,
      10.17149164275034,
      7.510978058700417,
      6.355948954404923,
      10.256225827871887,
      12.46775819346756,
      12.091643761472469
    ]
  },
  "hashes": {
    "obs": "1c0ade99ab3684a72c273a6ef2d6cd787ad2a8e22199c5761c9e19a2473c2d20",
    "abm_coupled": "ffbd863e55306247110c4f2bc35e13520027411c40047c4dd50fa3a2e768d65f",
    "abm_no_ode": "273bde00e970202f68fcba1e732d2e82c08201db49e3bcfe8bb67ca3c0df43de",
    "ode_pred": "fe9f08336f6cd45a37252139701eea7f26927ea8a2ab380d0fa5619f1e43f134",
    "forcing": "7261f0ed3a8a1e0484346265080200a05a5dcd43deb6d7ceb017aab774ff0169"
  },
  "extra": {
    "data_origin": "REAL — emitido en línea desde evaluate_phase (real)",
    "verified_real_data": true,
    "case": "Fuga de Cerebros Global (Docquier-Rapoport)"
  },
  "aggregate_hash": "7b257376ae6ffc41861d7239df95ef879e2f1cd732aebfdb60fbf3fa946cd6a1"
}