{
  "case_id": "22_caso_fosforo",
  "version_protocolo": "V5.5",
  "generated_at": "2026-05-17T15:20:37Z",
  "n": 18,
  "arrays": {
    "obs": [
      1.4741512327774295,
      1.626619360473877,
      1.956401449343253,
      1.5533339676882685,
      1.5905532013978407,
      2.175462478619144,
      2.405214035088341,
      2.273211027663771,
      2.3957949723708505,
      2.556519229809034,
      2.4585178744916982,
      2.4864796223381442,
      2.7035430663188555,
      2.654371068979906,
      2.5537836280467885,
      3.019506221426159,
      2.920290749452505,
      2.437854345746129
    ],
    "abm_coupled": [
      1.6888779896052823,
      1.7356426989802356,
      1.8228964267666283,
      1.8929537406063806,
      1.9720518504292863,
      2.0482110171996917,
      2.1273129731229985,
      2.205872501119253,
      2.286995856077847,
      2.368681141515707,
      2.4524741394421126,
      2.536903130083836,
      2.6233508195160438,
      2.7109463792811925,
      2.800682237083259,
      2.8912523472466427,
      2.983002125436278,
      3.0782401408534255
    ],
    "abm_no_ode": [
      1.571846800489391,
      1.63581827482076,
      1.6926131484904712,
      1.7472861508537412,
      1.802303501716457,
      1.857132186093024,
      1.9121811382144493,
      1.9668304037508184,
      2.021661007764513,
      2.0765880318875727,
      2.131461120725264,
      2.186423217465757,
      2.2412124162705056,
      2.296026626817998,
      2.3509385666988245,
      2.405824302148548,
      2.460650429436735,
      2.515547473287546
    ],
    "ode_pred": [
      -0.0625585226404668,
      -0.004417719706085583,
      0.055993344744343934,
      0.11685614274758763,
      0.17874991182827119,
      0.2421345664301111,
      0.30681463017965593,
      0.3728538439256608,
      0.44104757781220244,
      0.5109599292571516,
      0.5833867305432237,
      0.6573538345166234,
      0.7339250873101726,
      0.8125941504465078,
      0.8939299012193125,
      0.977146407256593,
      1.0620265817531758,
      1.1511233085405868
    ],
    "forcing": [
      2.3688084638819764,
      2.450561265442254,
      2.532314067002532,
      2.6140668685628095,
      2.695819670123087,
      2.777572471683365,
      2.8593252732436425,
      2.94107807480392,
      3.0228308763641976,
      3.104583677924476,
      3.1863364794847535,
      3.268089281045031,
      3.3498420826053086,
      3.431594884165586,
      3.5133476857258636,
      3.595100487286142,
      3.6768532888464196,
      3.758606090406697
    ]
  },
  "hashes": {
    "obs": "ae754ba1369b241f435e76d65c81d5ab68d794dabee43ed72fad330e8b45535f",
    "abm_coupled": "daae5526482f662b43abfbe2045bbe302796ff09a41835228dce088cb26cf3ed",
    "abm_no_ode": "8fe144c0ee4ff07b8b6092246d6cb924cd25f61fb404bae6349ec6f4323ff6a0",
    "ode_pred": "af46530ebf302eeebbc9876294f1d54b5160fde78b7de18f5ee8e3b8daf09789",
    "forcing": "ee67be3a1be85d74877469c71a58e110fb29c4b95a1cfed7541743a1434bea50"
  },
  "extra": {
    "data_origin": "REAL — emitido en línea desde evaluate_phase (real)",
    "verified_real_data": true,
    "case": "Ciclo del Fósforo (Carpenter Biogeoquímico)"
  },
  "aggregate_hash": "7a8a33a44cbae0550b426051b322428acb3b15d21090822d85cef6dc65decda9"
}