{
  "case_id": "21_caso_salinizacion",
  "version_protocolo": "V5.5",
  "generated_at": "2026-05-17T15:16:42Z",
  "n": 18,
  "arrays": {
    "obs": [
      1.7528148171254532,
      1.9353033187816089,
      1.906984066868052,
      2.057472742000676,
      2.0350695086651456,
      2.1476655525660098,
      2.2798140665278446,
      2.017988633746525,
      2.279048542367912,
      2.3313085451904128,
      2.3806827671868187,
      2.5163270025522406,
      2.8799238109624707,
      2.5739571295423986,
      2.9479317895146484,
      2.5948986000703225,
      2.890078121541747,
      3.047426387291626
    ],
    "abm_coupled": [
      1.8162927793822563,
      1.8869389839094635,
      1.9506971622295919,
      2.016282521704706,
      2.0799660120531542,
      2.143927828523657,
      2.2072014531844806,
      2.2705252012967043,
      2.3337125994142154,
      2.3972066814941564,
      2.460518976648176,
      2.523802858706085,
      2.587942205949924,
      2.6521807163840614,
      2.7167950266847374,
      2.781388017767601,
      2.846526690532291,
      2.9118913202186363
    ],
    "abm_no_ode": [
      1.7072699516929337,
      1.7625187880364348,
      1.8144348309368317,
      1.8663703641636036,
      1.9182473298666387,
      1.9701231644348274,
      2.022052763646821,
      2.073827586765358,
      2.1256213374073964,
      2.177514012473191,
      2.2293817408409797,
      2.2811834072442245,
      2.3330669655457763,
      2.3849266926867045,
      2.436867138162162,
      2.4887034174890608,
      2.5405224884723263,
      2.5925411194739447
    ],
    "ode_pred": [
      2.5237806023327867,
      2.661975810171528,
      2.7928766225198944,
      2.91959772687072,
      3.042853515738071,
      3.164566849292412,
      3.2843643913135767,
      3.4040004169496845,
      3.5232495244258843,
      3.643001148998962,
      3.7626033763847766,
      3.882102032829738,
      4.004285719056812,
      4.127751433463975,
      4.252309904128967,
      4.377554304946771,
      4.504694850333337,
      4.632460298320146
    ],
    "forcing": [
      2.587185959296,
      2.665292126108916,
      2.7433982929218335,
      2.8215044597347507,
      2.899610626547667,
      2.9777167933605844,
      3.0558229601735007,
      3.133929126986418,
      3.2120352937993353,
      3.2901414606122517,
      3.368247627425169,
      3.446353794238086,
      3.5244599610510026,
      3.60256612786392,
      3.680672294676836,
      3.7587784614897535,
      3.8368846283026707,
      3.914990795115587
    ]
  },
  "hashes": {
    "obs": "a4c20629a91f109daf4e83b6fc200ef14cda8cc19505e2952f11cb6e16425192",
    "abm_coupled": "749ab75faa6fc4d2cdb06804399c9401ff634fd20311cda0a2f66b801d1ca917",
    "abm_no_ode": "6a739f6774eb5ac7c4698d913a3985a13abe48c28df90e57e896360b9a1c2203",
    "ode_pred": "bad75e95fb24c21a23cea6c243aa861f27be6b1eb06d2dfc66bed8028e31b828",
    "forcing": "440123f9162d9bed8f6e078606caccac69b95fcd6d330c42761bc5fcf6c61245"
  },
  "extra": {
    "data_origin": "REAL — emitido en línea desde evaluate_phase (real)",
    "verified_real_data": true,
    "case": "Salinización de Suelos (Richards Bilineal)"
  },
  "aggregate_hash": "4b57a1dc370c62ce53a33455e3615deeaa748ef582004e51fc0e31c07b090a63"
}